Ticker,MMBuy,MMSell,AI1-Average,AI1-AskAmt,AI1-AskPrice,AI1-AskAvail,AI1-BidAmt,AI1-BidPrice,AI1-BidAvail,CI1-Average,CI1-AskAmt,CI1-AskPrice,CI1-AskAvail,CI1-BidAmt,CI1-BidPrice,CI1-BidAvail,CI2-Average,CI2-AskAmt,CI2-AskPrice,CI2-AskAvail,CI2-BidAmt,CI2-BidPrice,CI2-BidAvail,NC1-Average,NC1-AskAmt,NC1-AskPrice,NC1-AskAvail,NC1-BidAmt,NC1-BidPrice,NC1-BidAvail,NC2-Average,NC2-AskAmt,NC2-AskPrice,NC2-AskAvail,NC2-BidAmt,NC2-BidPrice,NC2-BidAvail,IC1-Average,IC1-AskAmt,IC1-AskPrice,IC1-AskAvail,IC1-BidAmt,IC1-BidPrice,IC1-BidAvail
AAR,,,15900,1,15900,50,5,12000,5,11000,2,11000,2,2,9000,22,6839.64013671875,,,0,,,0,15000,2,15000,22,20,7500,50,6839.64013671875,,,0,,,0,18000,1,18000,1,,,0
ABH,,,60000,2,59000,269,4,45000,34,55000,9,55000,9,4,42000,55,24309.869140625,,,0,,,0,40485.48828125,5,47500,106,6,40000,6,24309.869140625,,,0,,,0,55000,,,0,,,0
ACS,,,250000,4,250000,4,,,0,75144.5390625,1,148500,1,,,0,75144.5390625,,,0,,,0,300000,,,0,,,0,75144.5390625,,,0,,,0,75144.5390625,,,0,,,0
ADE,,,58868.578125,4,60000,223,4,40000,29,55000,4,54000,27,4,38000,4,21448.439453125,,,0,,,0,39784.578125,100,50000,150,6,40000,6,21448.439453125,,,0,,,0,66666,,,0,,,0
ADR,48000,,48001,4,50000,6,2,48001.01171875,108,49350.1796875,4,50000,8,100,48000,100,29454.05078125,,,0,,,0,48000,1,53000,2,100,48000,100,29454.05078125,,,0,,,0,50000,,,0,100,48000,100
ADS,,,100000,1,100000,6,,,0,127500,,,0,,,0,55441.69921875,,,0,,,0,130000,1,150000,1,,,0,55441.69921875,,,0,,,0,102500,,,0,,,0
AEF,,,3087.169921875,,,0,20,3200,369,5024.919921875,,,0,12,3200,184,1800,,,0,,,0,3335.530029296875,10,3370,947,50,2400,53,2124.820068359375,30,2600,30,,,0,2852.27001953125,6,2999.989990234375,210,4,2100,21
AEN,,,978596.25,,,0,,,0,978596.25,,,0,,,0,978596.25,,,0,,,0,978596.25,,,0,,,0,978596.25,,,0,,,0,978596.25,,,0,,,0
AFP,,,134854.125,,,0,,,0,134854.125,,,0,,,0,134854.125,,,0,,,0,134854.125,,,0,,,0,134854.125,,,0,,,0,134854.125,,,0,,,0
AFR,,,7837.64013671875,,,0,,,0,5000,,,0,1,5000,1,7837.64013671875,,,0,,,0,20000,11,20000,11,,,0,7837.64013671875,,,0,,,0,7837.64013671875,5,19594,5,,,0
AGS,,,221720.1875,,,0,1,250000,1,221720.1875,,,0,1,250000,1,221720.1875,,,0,,,0,280000,,,0,1,250000,1,221720.1875,,,0,,,0,221720.1875,,,0,,,0
AHP,,,5000,6,5000,6,,,0,5566.330078125,,,0,,,0,5566.330078125,,,0,,,0,5566.330078125,2,8000,108,,,0,5566.330078125,,,0,,,0,5566.330078125,,,0,,,0
AIR,185000,,91614.84375,,,0,100,185000,100,91614.84375,,,0,100,185000,100,91614.84375,,,0,,,0,185000.015625,,,0,13,185000.015625,113,91614.84375,,,0,,,0,185000,,,0,100,185000,100
AL,,,453.7300109863281,12,474,1783,300,436,2515,697.1799926757812,40,795,51,50,562,827,275,,,0,231,27.5,231,524.1300048828125,60,579.9500122070312,3991,500,502,3184,400,75,400,208,,,0,487.55999755859375,100,544,948,80,410,467
ALE,,,1620.9599609375,113,1499,548,20,1100,260,1617.550048828125,212,1700,312,45,1306.5,224,750,,,0,,,0,3537.919921875,5,2999.989990234375,133,45,1012,1572,1250,40,1250,40,,,0,832.1099853515625,135,1099,1238,10,900,1259
ALG,80,,100,,,0,100,120,804,120,,,0,10,120,1094,85,,,0,1000,90,1000,169.1300048828125,83,175,1033,500,115.0199966430664,3160,133.72999572753906,,,0,,,0,180,16,180,318,800,101.0199966430664,1590
ALO,42,,68.62999725341797,86,98.98999786376953,2376,125,66,8075,103.9800033569336,370,115,4594,90,100,1241,50,,,0,,,0,144.57000732421875,370,120,11481,96,90,1799,70,,,0,,,0,96.5199966430664,885,100,4961,633,90.5,2548
AMM,61,,290,326,290,754,100,155,1276,113.73999786376953,57,133.2899932861328,7090,24,111,11888,150,100,150,100,,,0,153.1199951171875,488,150,4109,100,141.02000427246094,4086,130,20,120,89,,,0,148,212,140,10566,178,121,1135
ANZ,,,70833.640625,,,0,,,0,70833.640625,,,0,,,0,70833.640625,,,0,,,0,70833.640625,,,0,,,0,70833.640625,,,0,,,0,70833.640625,,,0,,,0
APT,,,8370.4501953125,,,0,,,0,8370.4501953125,,,0,,,0,8370.4501953125,,,0,,,0,8370.4501953125,,,0,,,0,8370.4501953125,,,0,,,0,8370.4501953125,,,0,,,0
AR,,,110.9800033569336,156,110,2630,20,100,1620,96.93000030517578,439,115,4620,60,100,160,285.7099914550781,,,0,,,0,100,160,155,3692,100,83.0199966430664,400,300,600,270,650,,,0,288.82000732421875,80,288.82000732421875,1041,40,83.01000213623047,140
ARP,,,5869.1201171875,,,0,,,0,5869.1201171875,,,0,,,0,5869.1201171875,,,0,,,0,5869.1201171875,,,0,,,0,5869.1201171875,,,0,,,0,5869.1201171875,,,0,,,0
ASE,,,62187.5,4,65000,154,8,45000,18,61250,,,0,3,41000,33,19715.48046875,,,0,,,0,43821.140625,4,45000,128,2,38000,22,19715.48046875,,,0,,,0,52000,1,52000,1,1,38500,8
AST,,,1790,16,1780,117,100,1250,200,2100,,,0,,,0,1629.8599853515625,,,0,,,0,2500,39,2500,167,1,1500,11,1629.8599853515625,,,0,,,0,1629.8599853515625,20,2200,56,,,0
ATA,,,28700,2,38900,89,4,30000,33,40000,,,0,4,26000,30,15057.51953125,,,0,,,0,43633.71875,48,49999,67,6,21000,14,15057.51953125,,,0,,,0,50000,,,0,1,25000,1
ATP,,,12416.009765625,,,0,,,0,12416.009765625,,,0,,,0,12416.009765625,,,0,,,0,12416.009765625,,,0,,,0,12416.009765625,,,0,,,0,12416.009765625,,,0,,,0
AU,,,850,14,950,321,36,700,36,1222.1199951171875,2,1444,2,16,1222.219970703125,16,627.3300170898438,,,0,,,0,800,6,999,8,,,0,627.3300170898438,,,0,,,0,500,15,2588.52001953125,46,,,0
AUO,137,,160,146,250,402,100,165,875,236.08999633789062,198,315,222,59,185,679,108.2699966430664,,,0,,,0,137,20,495,821,20,190,320,108.2699966430664,,,0,,,0,250,,,0,85,170.02000427246094,505
AWF,,,3000,,,0,,,0,6000,,,0,,,0,2969.239990234375,,,0,,,0,2000,,,0,,,0,2969.239990234375,,,0,,,0,2969.239990234375,14,6200,14,,,0
AWH,,,10563.259765625,,,0,,,0,10563.259765625,,,0,,,0,10563.259765625,,,0,,,0,10563.259765625,,,0,,,0,10563.259765625,,,0,,,0,10563.259765625,,,0,,,0
BAC,,,1000,,,0,,,0,2748.239990234375,,,0,8,3000,54,1288.9000244140625,,,0,,,0,1000,10,1998,420,30,1000,30,1288.9000244140625,,,0,,,0,800,10,2000,10,80,800,80
BAI,,,6845.89990234375,,,0,,,0,13000,8,13000,8,,,0,6845.89990234375,,,0,,,0,10000,15,10000,41,,,0,6845.89990234375,,,0,,,0,6845.89990234375,,,0,,,0
BBH,750,2400,1744.97998046875,25,1999.989990234375,294,2,1520.010009765625,297,1851.489990234375,10,1969,340,10,1616,281,1700,4,1700,4,,,0,1535.3399658203125,111,1700,299,6,1450.02001953125,3394,900,2,900,353,,,0,1824.3699951171875,1,2382,159,10,1425.02001953125,348
BCO,,,400,1904,400,1904,200,350,200,500,6,500,1536,10000,250,10000,304.3599853515625,,,0,,,0,350,1702,400,1702,400,210,560,304.3599853515625,,,0,,,0,474.989990234375,,,0,,,0
BDE,,,1863.969970703125,26,1800,630,1,1506,641,1457.81005859375,10,1669,1014,10,1450,649,1550,22,1550,22,,,0,1194.9599609375,44,1348.989990234375,1575,9,1200.010009765625,441,2350,63,2350,183,,,0,1499.18994140625,1,1647,502,2,1400,337
BE,,,3291.050048828125,5,3300,87,3,1800,133,2950,41,2950,41,24,2300,24,1194,,,0,,,0,3558.6201171875,397,3750,1397,200,2601,300,1194,,,0,,,0,2749.989990234375,85,2749.989990234375,270,,,0
BEA,,,135.86000061035156,224,156,578,72,125,2009,105.11000061035156,28,129,348,100,110,2033,84,,,0,,,0,130.83999633789062,813,134,1429,160,120.1500015258789,2488,100,,,0,24,90,24,104.01000213623047,480,138,1283,728,104.01000213623047,1975
BER,,,684.4500122070312,,,0,200,501,710,500,,,0,100,325,244,20,,,0,,,0,388.989990234375,827,388.989990234375,5309,60,330,220,117.55000305175781,,,0,,,0,358.54998779296875,500,400,500,60,275,210
BFP,,,20238.900390625,,,0,,,0,20238.900390625,,,0,,,0,20238.900390625,,,0,,,0,20238.900390625,,,0,,,0,20238.900390625,,,0,,,0,20238.900390625,,,0,,,0
BFR,,,1500,1,1750,1,26,1500,26,2000,152,2000,152,,,0,2539.510009765625,,,0,,,0,1999.989990234375,1,1999,2,,,0,2539.510009765625,,,0,,,0,3000,1,2900,6,,,0
BGC,,,470,20,525,60,80,380,80,475,10,475,10,100,350,200,324.989990234375,,,0,,,0,450,100,450,890,110,370,370,324.989990234375,,,0,,,0,500,20,688.8599853515625,290,74,350,74
BGO,,,2415.739990234375,39,3000,39,3,1000,3,1500,,,0,,,0,766.97998046875,,,0,,,0,1784.9300537109375,10,1900,123,3,1000,3,766.97998046875,,,0,,,0,1500,,,0,,,0
BGS,,,88306.3984375,,,0,1,60000,1,63000,,,0,,,0,88306.3984375,,,0,,,0,60000,,,0,1,60000,1,88306.3984375,,,0,,,0,88306.3984375,,,0,1,60000,1
BHP,,,2433.340087890625,23,2799.989990234375,321,7,2050.199951171875,145,2923.320068359375,2,3000,7,8,2111.340087890625,12,1500,,,0,,,0,3400.81005859375,29,3295,1359,7,2775.010009765625,137,1600,,,0,,,0,3000,4,3250,199,1,2211,52
BID,,,25000,,,0,,,0,24566.470703125,,,0,,,0,24566.470703125,,,0,,,0,40000,,,0,18,40000,18,24566.470703125,,,0,,,0,24566.470703125,,,0,,,0
BL,,,3000,,,0,6,3000,6,1750,,,0,6,2800,16,3004.719970703125,,,0,,,0,6500,,,0,12,5000,72,3004.719970703125,,,0,,,0,5000,,,0,20,5000,46
BLE,,,1500,9,1989,30,,,0,1440,27,1700,43,2,900.010009765625,14,1821.280029296875,,,0,,,0,1875,5,1950,5,3,1200,7,1821.280029296875,,,0,,,0,700,2,1100,8,20,500,20
BMF,,,21000,2,20000,5,1,16500,2,24000,1,25000,2,4,10000,4,11077.5703125,,,0,,,0,27974.66015625,2,29000,2,1,22000,5,11077.5703125,,,0,,,0,15000,,,0,3,15000,3
BND,,,274.30999755859375,,,0,,,0,274.30999755859375,,,0,,,0,274.30999755859375,,,0,,,0,400,,,0,,,0,274.30999755859375,,,0,,,0,274.30999755859375,40,600,200,,,0
BOR,,,349,64,349,106,12,170,112,300,25,300,476,10,275.0199890136719,435,117.55000305175781,,,0,,,0,400,130,400,692,20,340,640,75,729,10000,1185,50,130,250,263.6499938964844,12,344,12,100,100,100
BOS,,,5000,3,6000,3,99,5000,99,5362.5,4,5500,4,,,0,1914.6800537109375,,,0,,,0,3750,2,5000,39,,,0,1914.6800537109375,,,0,,,0,1914.6800537109375,,,0,,,0
BPT,,,2656.85009765625,,,0,,,0,2656.85009765625,,,0,,,0,2656.85009765625,,,0,,,0,3000,,,0,3,3000,3,2656.85009765625,,,0,,,0,3000,,,0,3,3000,3
BR1,,,500000,,,0,,,0,470000,,,0,,,0,255340.484375,,,0,,,0,625000,,,0,1,375000,1,255340.484375,,,0,,,0,450000,,,0,,,0
BR2,,,343143.09375,,,0,,,0,343143.09375,,,0,,,0,343143.09375,,,0,,,0,343143.09375,1,857857.75,3,,,0,343143.09375,,,0,,,0,343143.09375,,,0,,,0
BRM,,,100,83,100,1158,,,0,120,128,130,496,100,90,700,51.43000030517578,150,120,150,,,0,157,100,140,596,140,100,871,40,240,100,417,400,40,400,90,200,100,1236,200,50,200
BRO,,,1150,24,1000,78,,,0,1106.3299560546875,,,0,,,0,836.489990234375,,,0,,,0,1899.989990234375,3,1899.989990234375,198,,,0,836.489990234375,,,0,,,0,1750,15,1800,77,,,0
BRP,,,3225.530029296875,,,0,,,0,3225.530029296875,,,0,,,0,3225.530029296875,,,0,,,0,3225.530029296875,,,0,,,0,3225.530029296875,,,0,,,0,3225.530029296875,,,0,,,0
BRS,,,220000,,,0,1,200000,1,190000,,,0,,,0,127983.546875,,,0,,,0,167000,,,0,1,200000,1,127983.546875,,,0,,,0,193000,,,0,,,0
BSC,,,25000,32,25000,33,,,0,14624.330078125,,,0,,,0,14624.330078125,,,0,,,0,15001,,,0,,,0,14624.330078125,,,0,,,0,14624.330078125,,,0,,,0
BSE,475,1550,1411.1800537109375,27,1549,1240,6,1500,5888,1466.8900146484375,20,1499,130,3,1300,622,1500,,,0,2,1200,2,1143.25,4,1379.97998046875,10140,5,1250.010009765625,1779,1550,210,1550,210,7,1000,7,1454.199951171875,1050,1549,3152,1,1461.47998046875,1032
BTA,500,1600,962.3599853515625,10,999,337,50,911,406,1075.3399658203125,34,1108.989990234375,656,1,1026,271,500,,,0,,,0,942.3099975585938,6,988,630,4,882.010009765625,408,890,30,890,231,,,0,1013.989990234375,4,1079,421,5,805.010009765625,123
BTS,,,430,,,0,97,430,227,475,954,475,2888,100,310,100,100.3499984741211,,,0,,,0,499,246,499,3518,10,350,10,100.3499984741211,,,0,,,0,400,100,1500,100,50,400,50
BWH,,,5000,,,0,,,0,3769.89990234375,,,0,,,0,3769.89990234375,,,0,,,0,5000,1,5000,1,,,0,3769.89990234375,,,0,,,0,3769.89990234375,,,0,,,0
BWS,,,20000,,,0,3,20000,13,25000,1,24999,10,3,17944.439453125,8,8697.1298828125,,,0,,,0,26000,2,26000,3,20,21000,40,8697.1298828125,,,0,,,0,20000,,,0,,,0
C,225,,451.29998779296875,68,570,2091,18,410.010009765625,6311,409.1700134277344,20,409.1700134277344,16622,70,341,6042,350,36,350,36,,,0,336.9599914550781,89,400,5666,12,321,4217,300,112,500,112,100,300,100,331.75,42,332.989990234375,4514,15,300.010009765625,1711
CA,,,1000,,,0,100,50,100,500,10,399,179,100,300,255,1008.4000244140625,,,0,,,0,50,106,200,154,10,125,75,1008.4000244140625,,,0,,,0,100,1,250,26,10,50,10
CAF,,,600,154,655,478,30,500,150,667.0800170898438,100,734,481,10,500,270,780,,,0,,,0,582.9099731445312,422,734.989990234375,2342,46,550,285,782.97998046875,,,0,4,800,4,822.5800170898438,34,990,5422,30,700,1352
CAP,,,98.05999755859375,58,120,2368,,,0,200,86,150,86,,,0,143.9499969482422,,,0,,,0,106.81999969482422,7,106.81999969482422,250,,,0,143.9499969482422,,,0,,,0,195,5,195,315,,,0
CBL,87000,,87001,1,88000,14,7,87001,117,95000,2,91000,7,1,87001,101,43824.359375,,,0,,,0,87000,10,90000,20,100,87000,100,43824.359375,,,0,,,0,87000,5,98500,8,100,87000,100
CBM,60000,,60000,2,90000,18,10,60001,110,60000,1,70000,6,100,60000,100,29642.349609375,,,0,,,0,60000,4,61000,4,15,60000.01171875,115,29642.349609375,,,0,,,0,60000,2,65000,4,100,60000,100
CBS,,,41415.48828125,1,55000,17,5,40001,105,40000,6,46000,15,100,40000,100,17970.41015625,,,0,,,0,40000.01171875,5,68800,5,50,40000.01171875,150,17970.41015625,,,0,,,0,40000,1,50000,2,100,40000,100
CC,,,332495.9375,,,0,100,300000,100,332495.9375,,,0,100,300000,100,332495.9375,,,0,,,0,300000,,,0,100,300000,100,332495.9375,,,0,,,0,332495.9375,,,0,100,300000,100
CCD,55000,,55000,,,0,100,55000,100,55000,10,60000,11,100,55000,100,27535.919921875,,,0,,,0,55000,,,0,100,55000,100,27535.919921875,,,0,,,0,55000,,,0,100,55000,100
CD,,,6000,19,6000,29,,,0,12000,,,0,,,0,7735.06005859375,,,0,,,0,4500,1,1000,1,,,0,7735.06005859375,,,0,,,0,7735.06005859375,,,0,,,0
CF,,,2650,1,2750,1,,,0,2700,12,3000,12,,,0,3377.47998046875,,,0,,,0,3000,10,3400,33,28,3000,28,3377.47998046875,,,0,,,0,2000,1,4098,30,23,2000,23
CHA,,,21056.5703125,,,0,,,0,12000,,,0,,,0,21056.5703125,,,0,,,0,30000,,,0,41,12000,41,21056.5703125,,,0,,,0,12500,,,0,,,0
CL,,,2000,20,3200,20,100,2500,135,2769.85009765625,52,3000,84,100,2500,195,2212.429931640625,,,0,,,0,2433.60009765625,27,3000,239,12,2510,955,1650,53,1650,153,25,1300,25,1800.010009765625,7,3000,123,3,1800.010009765625,21
CLI,51,,122,83,122,1557,100,82,857,89.16000366210938,821,100,1808,50,60,1313,51.43000030517578,,,0,,,0,96.61000061035156,51,88,3016,600,54,1049,150,,,0,143,150,143,69,63,67,1330,100,51,100
COF,,,418.0899963378906,716,350,10164,1000,300,1000,431.82000732421875,234,414.989990234375,7171,10,333,1395,395,,,0,,,0,406.5,1374,412,24939,40,336.010009765625,460,499,4320,499,4320,33,400,116,350.07000732421875,24,354.989990234375,16981,20,340,3686
COM,,,150000,,,0,2,175000,2,300000,,,0,1,140000,1,37644.23046875,,,0,,,0,120000,,,0,3,150000,16,37644.23046875,,,0,,,0,37644.23046875,,,0,1,60000,1
COT,,,1850,2,1900,136,24,1400,55,1746.1700439453125,30,2260,135,6,1800,204,1698.0400390625,10,1500,10,,,0,1853.52001953125,40,2100,85,5,1900,144,2000,,,0,,,0,1940.3299560546875,100,1960,178,10,1600,159
CQL,,,1000000,1,1000000,1,,,0,641697.3125,,,0,,,0,641697.3125,,,0,,,0,641697.3125,,,0,1,700000,1,641697.3125,,,0,,,0,641697.3125,,,0,,,0
CQM,,,1000000,,,0,,,0,860000,1,1000000,1,,,0,486497.15625,,,0,,,0,750000,,,0,,,0,486497.15625,,,0,,,0,860000,,,0,,,0
CQS,,,780000,1,780000,1,,,0,780000,,,0,,,0,381973.59375,,,0,,,0,675000,,,0,,,0,381973.59375,,,0,,,0,780000,,,0,,,0
CQT,,,170000,,,0,,,0,150000,,,0,,,0,109265.2421875,,,0,,,0,150000,,,0,,,0,109265.2421875,,,0,,,0,48000,,,0,,,0
CRU,150000,,140199.15625,,,0,100,150000,100,140199.15625,,,0,100,150000,100,140199.15625,,,0,,,0,140199.15625,,,0,100,150000,100,140199.15625,,,0,,,0,140199.15625,,,0,100,150000,100
CST,,,2942.81005859375,,,0,,,0,480,,,0,,,0,2942.81005859375,,,0,,,0,106,6,50,6,,,0,2942.81005859375,,,0,,,0,2942.81005859375,3,2942,9,,,0
CTF,,,16000,,,0,3,16000,22,20218.75,6,24000,6,12,20000,12,10124.5595703125,,,0,,,0,23000,5,30000,5,3,18000,104,10124.5595703125,,,0,,,0,44000,15,50000,15,4,15000,4
CU,,,1364.260009765625,,,0,71,1000,71,1569.219970703125,30,1555.550048828125,142,,,0,560.739990234375,,,0,,,0,1690.9100341796875,54,1395,223,1,1200,282,560.739990234375,,,0,,,0,1001,8,1900,8,20,1000,40
CUO,63,,215,100,220,3288,20,200,4496,250,28,285,1219,25,175,288,63.29999923706055,,,0,,,0,299.8999938964844,86,300,586,100,236.00999450683594,630,63.29999923706055,,,0,,,0,241.14999389648438,124,550,124,200,115.01000213623047,640
DA,,,30000,9,30000,9,,,0,28000,1,28000,6,,,0,26241.5703125,,,0,,,0,44000,16,39500,50,,,0,26241.5703125,,,0,,,0,26241.5703125,1,60000,1,,,0
DCH,,,9000,,,0,,,0,8802.490234375,,,0,,,0,8802.490234375,,,0,,,0,8802.490234375,,,0,,,0,8802.490234375,,,0,,,0,8802.490234375,,,0,,,0
DCL,,,2400,,,0,,,0,3472.8798828125,,,0,,,0,3538.300048828125,,,0,,,0,2500,88,2500,88,,,0,3538.300048828125,,,0,,,0,4000,,,0,,,0
DCM,,,2700,,,0,100,1800,100,2000,2,2000,12,9,1600,45,2267.81005859375,,,0,,,0,2500,208,2500,208,,,0,2267.81005859375,,,0,,,0,2000,,,0,10,2000,10
DCS,,,400,,,0,80,400,80,1100,50,1199,130,20,900,362,861.1300048828125,,,0,,,0,1000,422,1000,422,,,0,861.1300048828125,,,0,,,0,800,,,0,,,0
DD,,,26708.400390625,,,0,,,0,26708.400390625,6,18500,7,,,0,26708.400390625,,,0,,,0,26708.400390625,2,30000,2,,,0,26708.400390625,,,0,,,0,26708.400390625,,,0,,,0
DDT,,,2439.489990234375,16,2475,48,10,1900,24,2149.110107421875,94,2199,165,20,1900.02001953125,533,2318.090087890625,,,0,,,0,2540.43994140625,26,2475,861,30,2350,288,2318.090087890625,44,2250,44,,,0,2462.139892578125,206,2500,251,50,2400,165
DEC,,,10000,,,0,52,10000,62,10000,1,10000,1,19,8000,19,9479.2001953125,,,0,,,0,13000,4,16000,68,4,13000,108,9479.2001953125,,,0,,,0,15595.509765625,,,0,,,0
DIS,,,4500,60,4200,80,,,0,4400,,,0,,,0,5291.64013671875,,,0,,,0,4100,,,0,,,0,5291.64013671875,,,0,,,0,5000,,,0,20,1500,20
DOU,,,200000,,,0,,,0,102996.203125,,,0,,,0,102996.203125,,,0,,,0,102996.203125,,,0,,,0,102996.203125,,,0,,,0,102996.203125,,,0,,,0
DRF,,,2000,58,1200,78,,,0,2500,,,0,,,0,3025.3798828125,,,0,,,0,4997,5,3094,261,,,0,3025.3798828125,,,0,,,0,3025.3798828125,,,0,,,0
DV,,,12329.669921875,,,0,,,0,12000,2,12000,8,,,0,12329.669921875,,,0,,,0,12329.669921875,1,20000,1,,,0,12329.669921875,,,0,,,0,12329.669921875,2,20000,2,,,0
DW,19,121,72.55000305175781,1527,73.9000015258789,43504,100,66.16000366210938,52315,66.56999969482422,1970,74,30385,200,68,11655,46,2809,68,5695,960,46,1405,62.47999954223633,4159,69.6500015258789,35901,112,50.060001373291016,188090,59.5,4350,59.5,12476,1,40,501,57.029998779296875,170,56,29946,68,53.0099983215332,98888
EDC,16000,,16000,450,16002,1230,100,16000,100,16000,1,16300,9,100,16000,100,8219.7802734375,,,0,,,0,16000.25,50,17969,65,250,16001,350,8219.7802734375,,,0,,,0,16000,1,17000,11,100,16000,100
EES,,,48741.9609375,2,90000,2,,,0,100000,1,100000,2,,,0,48741.9609375,,,0,,,0,65000,2,75000,13,,,0,48741.9609375,,,0,,,0,48741.9609375,,,0,,,0
ENG,,,500000,,,0,,,0,366662.8125,,,0,,,0,366662.8125,,,0,,,0,500000,,,0,,,0,366662.8125,,,0,,,0,366662.8125,,,0,,,0
EPO,,,153.85000610351562,3347,155,4447,1400,100,3450,130,,,0,2000,110,11470,82.68000030517578,,,0,,,0,165.77000427246094,3100,169.99000549316406,3100,2000,125,25572,82.68000030517578,,,0,,,0,186.99000549316406,4108,183.99000549316406,4778,600,100,3208
ES,,,7000,8,6995,18,40,4000,50,5000,10,6000,20,10,4000,164,1888.1600341796875,,,0,,,0,4571.16015625,5,5000,113,7,4222.240234375,476,1888.1600341796875,,,0,,,0,6000,,,0,30,4444.43994140625,86
ETC,,,15000,7,14000,24,,,0,12000,19,12000,23,,,0,10329.26953125,,,0,,,0,10000,3,15000,3,,,0,10329.26953125,,,0,,,0,11900,,,0,,,0
EXO,,,194.33999633789062,42,194.60000610351562,1482,180,175,788,162.17999267578125,12,173,2134,50,140.8300018310547,581,150,60,170,60,,,0,185.27000427246094,50,190,2243,23,130,2851,250,38,250,247,,,0,150,94,150,773,100,140,2380
F,,,1200,,,0,10,3000,95,5000,,,0,10,3000,546,222.22000122070312,,,0,,,0,12500,,,0,10,5000,13,222.22000122070312,,,0,,,0,1200,,,0,10,3000,30
FAL,,,1000,12,1195,48,80,700,80,600,,,0,,,0,1027.9599609375,,,0,,,0,1300,33,1300,33,28,650,58,1027.9599609375,,,0,,,0,1000,3,1000,3,,,0
FAN,,,1200,5,1200,5,,,0,1000,66,1000,277,,,0,987.25,,,0,,,0,999,3,999,189,,,0,987.25,,,0,,,0,1500,5,1200,5,,,0
FC,,,2999.989990234375,1,2999.989990234375,16,,,0,3000,,,0,15,3000,40,2253.139892578125,,,0,,,0,3500,2,4000,6,,,0,2253.139892578125,,,0,,,0,2000,2,2500,2,,,0
FE,,,579.3900146484375,43,574.989990234375,389,10,500,1219,477.0199890136719,15,599.989990234375,196,12,475.010009765625,1070,404.010009765625,,,0,500,40.40999984741211,500,379.7799987792969,56,450,926,122,380,1000,400,21,400,21,,,0,420.69000244140625,230,420.69000244140625,484,20,204.00999450683594,1495
FEO,32,,126.2300033569336,76,125,1271,89,100,1574,61.84000015258789,63,65,189,57,55,969,50,,,0,,,0,34.02000045776367,84,35,3685,246,32.130001068115234,14045,41,120,40,120,,,0,86.70999908447266,131,103,2498,100,65,1856
FET,,,1700,28,1700,28,100,1000,100,2000,,,0,,,0,1614.260009765625,,,0,,,0,2000,23,2000,93,,,0,1614.260009765625,,,0,,,0,2500,,,0,,,0
FF,,,11.9399995803833,8685,13.489999771118164,118855,194,12,11400,10.979999542236328,106,10.970000267028809,235964,120,10.199999809265137,34780,14.989999771118164,9299,50,13685,14,24,14,10.569999694824219,20502,10,268961,600,9.75,68410,10,3500,10,20982,90,9.100000381469727,2190,10.979999542236328,70220,10.989999771118164,169470,100,10.75,58778
FFC,,,325000,3,325000,3,100,150000,100,315000,,,0,1,250000,101,144805.65625,,,0,,,0,325000,1,299995,2,100,150000,100,144805.65625,,,0,,,0,325000,1,1000000,1,100,150000,100
FIM,,,1581.1800537109375,638,1777.77001953125,638,16,750,16,2255.06005859375,6,2500,6,100,1600,590,909.9500122070312,,,0,,,0,2709.97998046875,,,0,100,1800,4002,850,,,0,,,0,1389.949951171875,12,1650,612,180,1205.02001953125,3558
FIR,,,564206.1875,,,0,,,0,564206.1875,,,0,,,0,564206.1875,,,0,,,0,564206.1875,1,975000,1,,,0,564206.1875,,,0,,,0,564206.1875,,,0,,,0
FLO,,,15000,,,0,,,0,8000,,,0,,,0,10184.8095703125,,,0,,,0,20000,1,14900,13,,,0,10184.8095703125,,,0,,,0,10184.8095703125,1,20000,1,,,0
FLP,,,350,24,800,28,,,0,375,,,0,24,375,24,312.0899963378906,,,0,,,0,350,12,400,24,,,0,312.0899963378906,,,0,,,0,400,5,400,15,,,0
FLX,,,179.89999389648438,405,170,1761,30,141.00999450683594,1263,177.91000366210938,448,175,3310,100,110,1960,75,52,75,62,,,0,107.86000061035156,1654,108,16836,100,99.5,4820,80,100,80,449,,,0,110,165,109.9000015258789,2170,50,75.01000213623047,2051
FOD,,,135.4199981689453,300,250,1062,100,150,282,157.99000549316406,235,160,235,80,110.55999755859375,384,170.30999755859375,,,0,,,0,222,32,222,32,,,0,170.30999755859375,,,0,,,0,297.9599914550781,16,250.5800018310547,16,,,0
FSE,,,750000,,,0,1,500000,1,800000,,,0,,,0,427320.125,,,0,,,0,600000,,,0,5,600000,5,427320.125,,,0,,,0,745000,,,0,,,0
FUN,,,60078.3984375,,,0,,,0,60078.3984375,,,0,,,0,60078.3984375,,,0,,,0,60078.3984375,,,0,,,0,60078.3984375,,,0,,,0,60078.3984375,,,0,,,0
GAL,57,,178.41000366210938,914,200,1223,199,90,598,63.72999954223633,11,78.5,7106,55,59,2131,80,,,0,,,0,99.25,57,114.98999786376953,3336,251,80.06999969482422,1701,57,109,70,209,,,0,117.27999877929688,232,135,5876,209,101,1930
GC,,,160,100,168,494,290,160,290,150,80,160,511,20,120,50,153.66000366210938,,,0,,,0,170,500,185,590,60,120,60,153.66000366210938,,,0,,,0,175,50,199.99000549316406,70,,,0
GCH,,,19048.66015625,,,0,,,0,9000,,,0,,,0,19048.66015625,,,0,,,0,565,,,0,,,0,19048.66015625,,,0,,,0,7500,,,0,,,0
GEN,,,125000,,,0,5,120000,5,140000,1,165000,1,,,0,239354.234375,,,0,,,0,140000,1,200000,1,6,130000,6,239354.234375,,,0,,,0,140000,,,0,,,0
GIN,,,2781.840087890625,30,2700,36,10,2201.010009765625,30,4426.509765625,20,5000,20,15,2900,15,2500,,,0,,,0,2888.909912109375,20,2800,212,20,2451.679931640625,772,2807.68994140625,,,0,,,0,2598.830078125,84,2500,381,40,2251,358
GL,,,199,50,199,2427,200,175,1360,235,255,235,341,314,200,644,248.6999969482422,,,0,,,0,247.05999755859375,5,254,1191,50,150.00999450683594,300,248.6999969482422,26,320,26,,,0,210,10,209.99000549316406,1745,300,141.00999450683594,1070
GNZ,,,40847.19140625,6,22000,6,,,0,40847.19140625,,,0,,,0,40847.19140625,,,0,,,0,13000,,,0,,,0,40847.19140625,,,0,,,0,40847.19140625,,,0,,,0
GRA,,,3000,,,0,100,100,100,2200,,,0,,,0,1401.739990234375,,,0,,,0,2800,9,2800,9,5,1500,15,1401.739990234375,,,0,,,0,2995,10,2995,40,10,2502,110
GRN,86,,170.38999938964844,148,178,1768,100,125,1195,106.91999816894531,22,114,1295,80,101,2185,120,32,120,32,,,0,148.36000061035156,4,140,1863,4,128.10000610351562,2362,110,100,110,488,,,0,111.29000091552734,96,117,4210,100,97,3105
GV,,,650,1,1050,20,3,630,3,1000,10,1500,11,6,1000,6,1032.550048828125,,,0,,,0,900,90,1000,124,1,700,1,1032.550048828125,,,0,,,0,1200,6,1140,14,1,690,1
H,50,,94.70999908447266,1955,90,18885,116,73,5965,90.66000366210938,88,90,7681,400,81.51000213623047,3808,90,,,0,,,0,96.81999969482422,41,111,11653,998,100,8267,80,520,80,744,1090,70,1090,76.41000366210938,660,79,126850,95,70,22639
H2O,,,34.22999954223633,340,33,71983,300,20.010000228881836,24256,32.619998931884766,985,32,18380,300,27.020000457763672,32262,10.010000228881836,,,0,2000,20,2014,25.209999084472656,1624,27.450000762939453,20606,2000,23.299999237060547,75789,38,350,38,1517,10000,21,10000,27.639999389648438,780,29.989999771118164,22509,4500,25.030000686645508,36941
HAB,,,60000,14,150000,14,5,60000,5,38000,,,0,,,0,53978.7890625,,,0,,,0,40000,,,0,,,0,53978.7890625,,,0,,,0,45000,,,0,,,0
HAL,75,,280,27,280,643,1000,150,1166,301.1400146484375,224,299,493,56,200,1647,102.86000061035156,,,0,,,0,215.72999572753906,150,195,1735,100,155,2285,500,60,500,60,,,0,200,200,224,1645,54,200,438
HCC,,,500,10,799,301,30,500,1630,400,,,0,1000,350,1035,328.1400146484375,,,0,,,0,500,60,500,270,90,375,678,328.1400146484375,,,0,,,0,511.1499938964844,10,1211.2099609375,10,,,0
HCP,88,,156.97999572753906,87,175,695,100,120,1325,123.93000030517578,3,150,3,8,113.80000305175781,1990,149,,,0,,,0,151.19000244140625,876,165,6570,8,126.01000213623047,1150,100,9,100,109,,,0,102.30000305175781,39,115,993,48,103,1890
HD,,,2800,70,2800,80,50,2000,60,2500,34,2500,34,30,1200,30,1609.739990234375,,,0,,,0,2511,5,2511,5,,,0,1609.739990234375,,,0,,,0,1609.739990234375,,,0,10,1000,10
HE,75,,215.1699981689453,112,275,569,20,171,2384,104.5199966430664,82,111.08999633789062,1387,50,90,985,121.20999908447266,,,0,,,0,75,200,75.01000213623047,8544,100,75,100,185,100,160,244,,,0,169.9600067138672,548,169.9600067138672,1192,100,85,409
HE3,,,275,214,275,497,50,150.00999450683594,274,223.9600067138672,17,293,17,300,176,2115,50000,,,0,,,0,247.58999633789062,30,273,8251,30,200,1857,220,,,0,,,0,224.99000549316406,108,224.99000549316406,26469,40,160,952
HER,,,1500,,,0,42,1500,68,1861.6400146484375,,,0,10,1300.010009765625,249,1200.0899658203125,,,0,,,0,2355.139892578125,,,0,16,2100,1560,1400,30,1400,60,500,1100,500,2200,20,2300,110,10,1800.010009765625,1157
HEX,,,41.13999938964844,,,0,,,0,41.13999938964844,,,0,,,0,41.13999938964844,,,0,,,0,41.13999938964844,,,0,,,0,41.13999938964844,,,0,,,0,41.13999938964844,,,0,,,0
HHP,,,3373.25,,,0,,,0,3373.25,,,0,,,0,3373.25,,,0,,,0,3373.25,,,0,,,0,3373.25,,,0,,,0,3373.25,,,0,,,0
HMS,,,1398.5799560546875,40,1399.949951171875,240,1,1399,143,1355.4599609375,86,1400,137,100,600.010009765625,249,575,,,0,50,750,50,1072.22998046875,30,1240,912,20,900,237,1000,13,1000,54,,,0,1337.8900146484375,13,1344.300048828125,440,50,1053.010009765625,571
HNZ,,,99440.7421875,,,0,,,0,99440.7421875,,,0,,,0,99440.7421875,,,0,,,0,99440.7421875,,,0,,,0,99440.7421875,,,0,,,0,99440.7421875,,,0,,,0
HOG,,,3000,17,3600,77,,,0,4400,8,4300,11,,,0,3884.449951171875,,,0,,,0,3800,25,3900,25,,,0,3884.449951171875,,,0,,,0,3884.449951171875,,,0,,,0
HOP,,,2400,,,0,50,1500,100,1000,,,0,10,1160.010009765625,113,906.6699829101562,,,0,,,0,5010.56005859375,30,4000,674,1,3000,768,906.6699829101562,,,0,,,0,2422.419921875,85,2400,279,50,1900,674
HPC,,,13005.009765625,,,0,,,0,13005.009765625,,,0,,,0,13005.009765625,,,0,,,0,20000,5,4000,5,,,0,13005.009765625,,,0,,,0,13005.009765625,,,0,,,0
HPR,,,732931.375,,,0,,,0,732931.375,,,0,,,0,732931.375,,,0,,,0,732931.375,1,999999,1,,,0,732931.375,,,0,,,0,732931.375,,,0,,,0
HSE,,,10000,11,12700,207,20,12000,57,10557.0703125,3,10557.0703125,9,20,8350,69,11000,1,9500,9,,,0,12440,16,12440,48,1,7100,26,6520.85986328125,,,0,30,5000,30,10000,10,10000,57,,,0
HSS,,,2300,60,2250,409,2,1850,191,2000,60,2000,100,130,1206.1199951171875,230,1000,,,0,,,0,2051.570068359375,93,2099.989990234375,201,5,1161.030029296875,1522,1109.52001953125,20,2000,20,,,0,2450,17,2450,260,21,1700,721
HTE,,,1704487.375,,,0,,,0,1704487.375,,,0,,,0,1704487.375,,,0,,,0,1704487.375,,,0,,,0,1704487.375,,,0,,,0,1704487.375,,,0,,,0
HYR,,,1397232.5,,,0,,,0,1397232.5,,,0,,,0,1397232.5,,,0,,,0,1397232.5,,,0,,,0,1397232.5,,,0,,,0,1397232.5,,,0,,,0
I,,,400,984,400,2954,10,300,170,558.9199829101562,38,599.989990234375,106,6,450,6,634.2899780273438,,,0,,,0,455.6199951171875,161,450,1886,100,300,268,634.2899780273438,,,0,,,0,200,94,249.99000549316406,3191,450,200,550
IDC,20000,,20000,14,24000,29,100,20000,100,20000,,,0,100,20000,100,10433.23046875,,,0,,,0,20000,34,22000,34,100,20000,100,10433.23046875,,,0,,,0,20000,10,22000,10,100,20000,100
IMM,,,68599.8203125,,,0,,,0,68599.8203125,,,0,,,0,68599.8203125,,,0,,,0,68599.8203125,,,0,,,0,68599.8203125,,,0,,,0,68599.8203125,,,0,,,0
IND,,,1900,9,6000,45,97,1500,97,2500,15,6750,15,1,1200,17,2000.25,,,0,,,0,1800,20,2400,20,13,1800,33,2000.25,,,0,,,0,2250,25,2400,25,1,1750,1
INS,,,114.77999877929688,43107,115,44241,200,111,117990,114.56999969482422,4706,110,33036,300,105.0199966430664,3100,9,,,0,,,0,134.69000244140625,428,129,19950,1000,105,1334,160,,,0,,,0,125,28470,125,33672,586,116,2298
JUI,,,1109.18994140625,,,0,,,0,1109.18994140625,,,0,,,0,1109.18994140625,,,0,,,0,1109.18994140625,,,0,,,0,1109.18994140625,,,0,,,0,1109.18994140625,,,0,,,0
KOM,,,586.8400268554688,100,590,3276,100,550,1215,500,121,500,3221,150,390,823,445,10,450,10,,,0,676.8599853515625,40,690,1811,95,530,2892,400,30,400,74,,,0,653.1900024414062,250,585,2467,4,530,1342
KV,,,14971.3701171875,,,0,1,12000,15,12000,14,12000,24,,,0,13713.3798828125,,,0,,,0,13649.0595703125,55,15000,55,45,12500,57,13713.3798828125,,,0,,,0,15000,12,15000,15,,,0
LBH,,,2839.64990234375,8,3399,155,19,2800,506,3466.739990234375,38,3399.989990234375,202,50,2750,126,2000,,,0,,,0,2603.330078125,58,2799.989990234375,2188,4,2110,185,1900,38,1900,66,,,0,3221.10009765625,22,3200,29,11,2701,49
LC,,,2400,17,2350,157,1,1900,116,1759.0400390625,,,0,20,800,95,3206.679931640625,,,0,,,0,2350,36,2350,36,3,1234,138,3206.679931640625,,,0,,,0,4990,5,3500,53,100,500,100
LCB,,,300000,1,375000,3,1,300000,2,250000,1,250000,1,,,0,330863.5625,,,0,,,0,410000,1,290000,7,,,0,330863.5625,,,0,,,0,450000,2,325000,2,,,0
LCR,,,1000,3,1000,3,50,700,50,1744.9000244140625,2,3500,2,,,0,2970,,,0,,,0,2000,17,2000,17,,,0,2970,,,0,,,0,2000,8,2000,24,,,0
LD,,,9000,,,0,,,0,6000,5,10000,5,5,5000,5,5134.419921875,,,0,,,0,9000,40,7500,161,,,0,5134.419921875,,,0,,,0,5134.419921875,7,10000,7,,,0
LDE,,,4917.9501953125,39,5050,112,5,4151,110,7552.89990234375,86,7499.990234375,177,,,0,4200,,,0,,,0,5726.919921875,370,6000,493,19,5000,186,4200,,,0,40,3600,40,4721.89013671875,6,4700,97,4,4000,28
LDI,,,40,6,250,6,,,0,270,19,270,19,918,200,918,287.2099914550781,,,0,,,0,295,,,0,,,0,287.2099914550781,,,0,,,0,444,86,444,163,,,0
LES,,,800,109,800,227,10,750,10,1000,,,0,,,0,228.57000732421875,,,0,,,0,700,50,500,366,,,0,228.57000732421875,,,0,,,0,228.57000732421875,20,400,90,,,0
LFE,,,180000,2,200000,2,,,0,220000,,,0,1,150000,1,75567.2265625,,,0,,,0,220000,8,220000,8,1,160000,2,75567.2265625,,,0,,,0,500000,,,0,,,0
LFL,,,350000,,,0,,,0,240000,2,250000,2,,,0,122737.671875,,,0,,,0,300000,1,350000,1,,,0,122737.671875,,,0,,,0,122737.671875,,,0,,,0
LFP,,,6000,,,0,,,0,4499,,,0,,,0,7461.4599609375,,,0,,,0,5000,1,4974.5,14,,,0,7461.4599609375,,,0,,,0,7461.4599609375,,,0,,,0
LHP,,,1695.030029296875,89,2000,386,571,1500,571,1861.989990234375,58,1800,181,,,0,1616.9200439453125,,,0,,,0,2100,25,2400,1065,,,0,1500,12,1500,12,,,0,2500,21,2500,21,,,0
LI,,,1230.5699462890625,200,1000,3908,82,750,204,881,421,881,915,100,500,100,472.2900085449219,,,0,,,0,735.9099731445312,104,725,1736,200,600,200,472.2900085449219,,,0,,,0,1000,,,0,,,0
LIO,,,200,,,0,23,150,23,300,269,300,269,100,210,200,19000,,,0,,,0,275,175,200,2040,7,150,332,68.56999969482422,,,0,,,0,475,,,0,400,210.02000427246094,500
LIS,250000,,450000,,,0,100,250000,100,350000,,,0,100,250000,100,257504.296875,,,0,,,0,450000,1,450000,1,100,250000,100,257504.296875,,,0,,,0,257504.296875,1,625000,1,100,250000,100
LIT,,,13124.9404296875,,,0,,,0,13124.9404296875,,,0,,,0,13124.9404296875,,,0,,,0,9999,,,0,,,0,13124.9404296875,,,0,,,0,13124.9404296875,1,9999,1,,,0
LOG,56000,,56000,6,57000,25,100,56000,100,56000,4,70000,4,100,56000,100,28263.599609375,,,0,,,0,56000,,,0,100,56000,100,28263.599609375,,,0,,,0,75000,1,75000,1,100,56000,100
LSE,,,5599.419921875,3,5600,625,4,4200,51,6737.56005859375,20,6888,93,4,4800,22,4650,,,0,,,0,4433.27001953125,82,4889,513,2,4500,336,6000,15,6000,15,36,4200,36,4949.02001953125,5,4900,37,4,4000,73
LSL,,,200000,1,250000,1,,,0,205256.8125,1,350000,1,,,0,205256.8125,,,0,,,0,300000,,,0,,,0,205256.8125,,,0,,,0,205256.8125,,,0,,,0
LST,34,,107.81999969482422,677,178,3862,123,80.01000213623047,2130,99.76000213623047,82,111.9000015258789,4518,30,76.05000305175781,3102,41,,,0,,,0,120.87000274658203,15,129.8000030517578,3145,100,106,3409,50,159,48,1021,,,0,149.27000427246094,73,168.97999572753906,2204,40,151,2965
LTA,,,1850,11,1850,143,4,1750,65,2484.989990234375,63,2484.989990234375,205,6,1852,28,1950,,,0,,,0,2145.7900390625,7,2248,427,48,1800,201,1900,11,1900,27,,,0,2177,7,2100,199,47,1601,62
LU,,,60000,,,0,,,0,62782.37109375,,,0,,,0,62782.37109375,,,0,,,0,62782.37109375,,,0,,,0,62782.37109375,,,0,,,0,62782.37109375,,,0,,,0
MAG,87,,250,,,0,100,87.01000213623047,200,250,8,250,8,99,88,199,117.55000305175781,,,0,,,0,106.68000030517578,40,139,114,100,87,100,117.55000305175781,,,0,,,0,87,65,90,612,100,87,100
MAI,,,143.3000030517578,413,156,846,40,111.05000305175781,558,145.00999450683594,33,140,122,60,101,1178,171.1699981689453,,,0,,,0,138.61000061035156,532,152,4537,10,150,1154,110,30,110,145,,,0,97.9800033569336,165,154,1831,100,101,3874
MB,,,4400,6,5000,6,6,4400,16,4000,,,0,12,4400,23,3450.389892578125,,,0,,,0,4400,,,0,1,4400,1,3450.389892578125,,,0,,,0,6000,,,0,12,4400,22
MCB,,,225000,1,200000,1,,,0,300000,,,0,,,0,167025.5625,,,0,,,0,240000,4,250000,5,1,200000,2,167025.5625,,,0,,,0,167025.5625,3,250000,3,,,0
MCG,12,36,27.190000534057617,40,27.959999084472656,18595,1000,21.799999237060547,14519,30.5,418,33.9900016784668,26175,150,30,14932,24.5,582,24,1102,302,15,984,28.989999771118164,2480,28,119582,144,26.100000381469727,10734,36,3113,36,3113,70,30,71,33.34000015258789,90,33.939998626708984,12562,400,25.010000228881836,11938
MEA,,,3984.610107421875,45,3990,322,20,3200.050048828125,200,4000,,,0,20,2500,40,1735.760009765625,,,0,,,0,4467.27001953125,10,4444,82,45,4000,493,1735.760009765625,,,0,,,0,4000,4,3533.530029296875,314,8,3001,252
MED,,,996.97998046875,243,999,721,1,998,408,886.7000122070312,25,890,1264,40,800,300,450,,,0,20,450,20,1002.22998046875,40,1090,647,5,700,495,700,84,700,228,,,0,900,193,950,193,50,651,396
MFE,,,110000,,,0,,,0,95000,9,100000,9,,,0,44024.19140625,,,0,,,0,93000,1,89000,3,20,60000,20,44024.19140625,,,0,,,0,1,2,160000,3,,,0
MFK,,,246.57000732421875,33,245,280,32,165,65,195.5800018310547,6,195,436,16,170,1182,149.6999969482422,,,0,,,0,186.0800018310547,4,185,2023,27,126,1376,150,,,0,200,145,200,206.47000122070312,300,279.8999938964844,1131,20,202,890
MFL,,,109392.59375,1,150000,1,3,100000,3,125000,6,125000,7,,,0,61748.23046875,,,0,,,0,150000,1,149000,2,,,0,61748.23046875,,,0,,,0,61748.23046875,,,0,,,0
MG,,,90,1022,89,17324,250,75,2391,58.130001068115234,132,68.73999786376953,5651,30,35.599998474121094,946,50,,,0,,,0,57.40999984741211,9542,57,16774,50,48,5300,54.86000061035156,500,60,500,,,0,73.75,7,76,5216,99,61,483
MGC,,,8591.9501953125,,,0,,,0,8591.9501953125,,,0,,,0,8591.9501953125,,,0,,,0,6700,1,6700,37,,,0,8591.9501953125,,,0,,,0,11450,2,8000,2,,,0
MGS,,,149,89,145,2477,30,100,2780,95.94999694824219,77,110,1184,48,65,1102,41.13999938964844,,,0,,,0,144,105,140,1127,200,105,3324,41.13999938964844,,,0,,,0,165.38999938964844,30,280,545,251,155,1711
MHL,,,2275,40,2300,537,160,2000,360,1800,80,1800,325,1,1500,285,2351.52001953125,,,0,,,0,1967.8699951171875,8,2285,441,194,2000,286,2351.52001953125,,,0,,,0,2998.39990234375,299,3000,1152,61,1900,71
MHP,,,2500,,,0,50,2000,50,3200,5,3000,9,,,0,2118.949951171875,,,0,,,0,2600,4,2955,4,267,2600,267,2118.949951171875,,,0,,,0,5000,,,0,,,0
MLI,,,10268.849609375,,,0,,,0,12500,1,12500,1,,,0,10268.849609375,,,0,,,0,15000,11,15000,39,,,0,10268.849609375,,,0,,,0,10268.849609375,,,0,,,0
MPC,,,1050,123,1040,260,,,0,1475,1,1475,66,,,0,661.4199829101562,,,0,,,0,999,69,999,301,,,0,661.4199829101562,,,0,,,0,1400,10,1400,50,,,0
MSL,,,80000,1,100000,1,,,0,50000,1,90000,2,,,0,83082.453125,,,0,,,0,100000,6,100000,20,,,0,83082.453125,,,0,,,0,125000,8,100000,8,,,0
MTC,,,452.94000244140625,,,0,,,0,300,5,300,55,,,0,452.94000244140625,,,0,,,0,1,,,0,,,0,452.94000244140625,,,0,,,0,500,,,0,,,0
MTP,,,1800,,,0,,,0,2250,,,0,4,2250,254,1027.6199951171875,,,0,,,0,2370,2,2300,7,60,775,260,1027.6199951171875,,,0,,,0,2081.8798828125,5,2300,77,,,0
MUS,,,125,,,0,143,125,684,96,120,130,120,20,111,1218,172.3000030517578,,,0,,,0,130,1000,140,3000,500,115,2645,172.3000030517578,,,0,,,0,106.88999938964844,48,200,240,765,100.01000213623047,855
MWF,,,200,10,200,10,,,0,200,,,0,500,200,500,189.47000122070312,,,0,,,0,200,,,0,480,200,480,189.47000122070312,,,0,,,0,270,170,270,190,,,0
N,33,,130.91000366210938,1352,100,24337,60,95,6413,83.69999694824219,720,80,17718,50,60,3683,66.12000274658203,,,0,,,0,66.79000091552734,226,66,44354,1000,51,2511,66.12000274658203,,,0,,,0,75.26000213623047,140,79,3507,136,67,1731
NA,25,,25.010000228881836,54,25.010000228881836,4145,100,25,100,25.010000228881836,960,25.010000228881836,3273,100,25,100,1106.219970703125,,,0,,,0,25,54,25.010000228881836,4389,100,25,100,1,300,1,300,,,0,25,70,25.010000228881836,3705,100,25,100
NAB,,,100,45,105,175,2830,90,3220,94.62999725341797,55,94.55999755859375,1768,15,79.41000366210938,885,126.41999816894531,,,0,,,0,79.62999725341797,390,75,1146,464,60.81999969482422,819,65,,,0,460,65,460,96,14,97,1754,100,80,390
NCS,,,25,,,0,100,26,5731,29.09000015258789,,,0,10,60,8195,16.979999542236328,,,0,,,0,30,200,43.5,24121,200,30.010000228881836,12800,16.979999542236328,,,0,,,0,29.979999542236328,2650,29.979999542236328,3352,45,20.350000381469727,93
NE,,,300,,,0,100,220,449,394.739990234375,,,0,100,200,758,300,,,0,,,0,237.61000061035156,10,350,1034,100,200,630,300,150,300,150,,,0,150,30,410,147,100,200,450
NF,,,5134.419921875,,,0,,,0,10000,9,10000,9,,,0,5134.419921875,,,0,,,0,5134.419921875,24,7500,52,,,0,5134.419921875,,,0,,,0,5134.419921875,,,0,,,0
NFI,,,24.989999771118164,2220,24.989999771118164,5120,,,0,15,1603,29.850000381469727,6403,,,0,6.179999828338623,,,0,,,0,7.75,880,7.75,27836,,,0,6.179999828338623,,,0,,,0,8.5,40,8.5,630,,,0
NG,,,850,31,850,51,,,0,600,,,0,,,0,721.8099975585938,,,0,,,0,600,40,1730,136,390,600,390,721.8099975585938,,,0,,,0,700,10,550,10,,,0
NL,,,2430.780029296875,4,2450,283,20,2000,120,2398.3701171875,2,2700,19,1,1912,84,2000,,,0,,,0,2543.02001953125,93,2614,476,100,2150,120,2400,26,2400,38,,,0,3398.989990234375,20,3198,139,4,2500,40
NN,,,29444.419921875,,,0,,,0,34000,4,24000,8,,,0,29444.419921875,,,0,,,0,32000,,,0,,,0,29444.419921875,,,0,,,0,29444.419921875,1,50000,1,,,0
NOZ,,,43702.01171875,,,0,,,0,43702.01171875,,,0,,,0,43702.01171875,,,0,,,0,43702.01171875,,,0,,,0,43702.01171875,,,0,,,0,43702.01171875,,,0,,,0
NR,,,325,50,325,50,1000,250,1100,299,9025,299,9025,650,150,650,199.5800018310547,,,0,,,0,298,275,299,325,,,0,199.5800018310547,,,0,,,0,274,750,380,1500,,,0
NS,,,254.4600067138672,148,250,148,100,210,1460,190,2597,214,2667,100,195,11380,214.27000427246094,,,0,,,0,188.77999877929688,145,200,3174,100,180,5896,160,,,0,1000,160,1000,227.6999969482422,129,225,11517,165,205,7147
NST,,,4999,37,4999,39,,,0,4900,19,4900,21,10,1500,10,1351.469970703125,,,0,,,0,3000,82,3000,86,3,2100,29,1351.469970703125,,,0,,,0,1700,195,1911.9100341796875,279,4,1700,29
NUT,88,,100,,,0,93,100,684,104.80999755859375,38,110,297,16,101,898,151.7100067138672,,,0,,,0,119.91000366210938,85,206.69000244140625,85,80,120,5303,151.7100067138672,,,0,24,90,24,101.05999755859375,288,200,673,60,101.11000061035156,2861
NV1,100000,,130000,,,0,100,100000,100,94010.078125,,,0,100,100000,100,94010.078125,,,0,,,0,100000,1,190000,2,100,100000,100,94010.078125,,,0,,,0,94010.078125,,,0,100,100000,100
NV2,,,130882.6328125,,,0,100,150000,100,130882.6328125,,,0,100,150000,100,130882.6328125,,,0,,,0,150000,3,220000,3,100,150000,100,130882.6328125,,,0,,,0,130882.6328125,,,0,100,150000,100
O,32,,108.94000244140625,251,145,2140,105,105,4792,98.37999725341797,30,107.98999786376953,10058,100,68,1917,55,,,0,,,0,118.95999908447266,389,127,7890,229,110,4115,90,1202,90,1417,,,0,127,84,119.98999786376953,2364,153,85.01000213623047,3963
OFF,,,99,562,99,562,280,50,1280,110,3040,120,3250,840,100,2410,50.65999984741211,,,0,,,0,79.79000091552734,490,77.98999786376953,2690,500,62.0099983215332,3420,50.65999984741211,1000,70,1500,,,0,92.2699966430664,290,89.98999786376953,290,100,10,100
OLF,,,960.010009765625,6,444.44000244140625,102,100,50,100,1625,5,1625,5,,,0,960.010009765625,,,0,,,0,877,24,1100,24,8,168.00999450683594,8,960.010009765625,,,0,,,0,1100,123,825.280029296875,585,,,0
OS,,,40000,,,0,7,40000,7,45000,1,47000,5,,,0,30351.4609375,,,0,,,0,35000,2,35000,37,,,0,30351.4609375,,,0,,,0,20000,1,40000,1,,,0
OVE,40,153,95.20999908447266,271,99.97000122070312,4732,5,96,2865,76.30000305175781,3585,82,10341,889,70.01000213623047,4842,79,300,80,300,,,0,78.54000091552734,73,80,5036,235,65.01000213623047,11472,95,410,95,1736,32,81,65,103.94000244140625,25,151.99000549316406,1965,44,100,8769
PCB,,,1250,40,2050,310,,,0,1650,50,1850,150,20,1101,110,807.0599975585938,,,0,,,0,2073.6201171875,50,1950,244,4,1751,293,807.0599975585938,,,0,,,0,2500,54,2500,64,10,1600,10
PDA,,,3700,3,3700,615,3,2800,77,2972.81005859375,14,2995,82,3,1800,43,1153.030029296875,,,0,5,3500,5,3950,26,3950,805,50,2210.010009765625,73,4000,28,4000,28,,,0,3207.9599609375,11,3500,35,1,2800,51
PE,,,5.869999885559082,10000,5.800000190734863,104897,6000,5,183331,4.849999904632568,2914,4.949999809265137,278564,3000,4.710000038146973,192760,4,100,6,100,,,0,4.929999828338623,5000,5.420000076293945,448917,15000,4.039999961853027,141071,5,6000,7,6000,2000,6.5,6000,4.690000057220459,1750,5.25,204925,70,4.5,115928
PFE,,,300,60,350,239,40,300,40,400,20,1000,20,140,400,140,480.5400085449219,,,0,,,0,425,252,500,252,300,425,300,480.5400085449219,,,0,100,330,100,611.1599731445312,465,588.8499755859375,745,,,0
PG,,,30.950000762939453,50,34.5,7168,5000,26,33061,37.41999816894531,2375,35.97999954223633,20635,270,25.290000915527344,35468,25,,,0,,,0,35.88999938964844,1000,50,87392,654,35.11000061035156,182895,30,,,0,7429,27,7929,30.799999237060547,203,38.5,11843,571,25.440000534057617,20831
PIB,,,1200,,,0,100,100,100,300,,,0,,,0,596.8499755859375,,,0,,,0,600,,,0,,,0,596.8499755859375,,,0,,,0,1100,32,1911.9100341796875,32,16,1100,16
PK,,,840.989990234375,,,0,,,0,840.989990234375,,,0,,,0,840.989990234375,,,0,,,0,1500,,,0,,,0,840.989990234375,,,0,,,0,840.989990234375,120,1200,120,,,0
POW,4200,,5000,,,0,20,4601.009765625,630,5000,39,5000,41,64,4300,164,2364.429931640625,,,0,,,0,4750,147,4750,147,93,4201,193,2364.429931640625,,,0,,,0,4200,,,0,10,4600,120
PPA,,,40,52,80,62,,,0,159.74000549316406,4,250,4,15,15,15,143.52999877929688,,,0,,,0,65,8,70,529,,,0,143.52999877929688,160,100,160,,,0,29.920000076293945,6,29.920000076293945,120,106,7,106
PSH,,,8000,12,7000,12,,,0,5000,4,10000,4,,,0,3839.050048828125,,,0,,,0,5000,3,7000,7,,,0,3839.050048828125,,,0,,,0,8250,1,8125,24,,,0
PSL,,,2772.7900390625,28,2988,236,12,2200,149,2532.340087890625,6,2850,78,12,2300,99,1700,,,0,,,0,3285.550048828125,16,3400,107,24,2800,173,1700,3,2500,3,,,0,3094.89990234375,12,2800,54,3,2362,5
PSM,,,1600,4,1494,75,100,1000,191,963.22998046875,,,0,3,950,199,750,,,0,,,0,2423.080078125,,,0,3,1500,64,1321.68994140625,,,0,,,0,1000,,,0,,,0
PSS,,,600,76,999.9500122070312,109,100,400,100,450,,,0,10,450,47,660.8400268554688,5,450,5,,,0,1000,2,1000,20,196,350,344,660.8400268554688,,,0,,,0,300,,,0,6,300,36
PT,,,444.260009765625,50,440,1368,89,410,238,417.9700012207031,336,417.92999267578125,1729,1,352,254,255,,,0,,,0,357.7799987792969,50,404,3067,90,312,1958,400,195,400,233,,,0,425.0299987792969,50,450,722,25,400,1059
PWO,,,229.16000366210938,8,226,3929,2,225.00999450683594,1436,277.6400146484375,32,254,3779,5,207.10000610351562,3003,195,48,210,48,,,0,215.5800018310547,257,225,4293,36,186,1122,299.989990234375,51,299.989990234375,253,5,250,47,236.57000732421875,2,229,3171,20,210,1129
QCR,,,695000,1,700000,1,,,0,695000,,,0,,,0,365454.625,,,0,,,0,500000,,,0,5,500000,5,365454.625,,,0,,,0,695000,,,0,,,0
RAD,,,6000,,,0,4,6000,26,7000,6,8888.8798828125,14,8,5000,8,3729.22998046875,,,0,,,0,51444.26953125,4,25000,4,,,0,3729.22998046875,,,0,,,0,8000,4,20000,4,,,0
RAG,,,259746.03125,,,0,,,0,259746.03125,,,0,,,0,259746.03125,,,0,,,0,27500,,,0,,,0,259746.03125,,,0,,,0,259746.03125,,,0,,,0
RAM,,,1250,18,1250,18,,,0,1900,23,1900,45,,,0,1252.9200439453125,,,0,,,0,2500,1,2500,187,,,0,1252.9200439453125,,,0,,,0,2350,10,2350,42,,,0
RAT,32,166,80.20999908447266,600,80,17938,868,75,8212,93.80999755859375,516,96.41999816894531,33844,1000,77.20999908447266,16955,85,3022,85,4060,660,60,1860,76.62999725341797,2219,70,95517,1000,69.5,37563,78.06999969482422,1320,77.9000015258789,9268,400,70,2960,64.80000305175781,50,63.97999954223633,44335,9500,62,50658
RBH,,,13197.900390625,1,13250,184,5,11500,89,12761.2197265625,3,19969,7,2,12500,14,8000.830078125,,,0,,,0,14365.33984375,5,14500,169,10,11001,91,8000.830078125,,,0,,,0,14700,3,19949,45,34,9010,36
RCO,400,,634.3200073242188,,,0,130,640,1185,721.7000122070312,7,1041.949951171875,13,10,600,1381,420,,,0,,,0,649.9500122070312,202,650,914,13,568.0599975585938,668,500,72,500,132,,,0,503.30999755859375,20,500,138,48,467.1000061035156,2179
RCS,,,100000,,,0,,,0,209000,1,209000,1,,,0,94093.78125,,,0,,,0,70000,,,0,,,0,94093.78125,,,0,,,0,94093.78125,,,0,,,0
RCT,,,500000,,,0,,,0,356760.5,,,0,,,0,356760.5,,,0,,,0,550000,,,0,1,550000,1,356760.5,,,0,,,0,356760.5,,,0,,,0
RDE,,,22400,16,22400,164,5,19500,75,23787.279296875,60,28969,60,3,20000,4,14495.8095703125,,,0,,,0,20988.41015625,26,23469,116,2,21000,72,14495.8095703125,,,0,,,0,21745.349609375,2,21000,55,2,18000,32
RDL,,,380631.96875,,,0,,,0,380631.96875,,,0,,,0,380631.96875,,,0,,,0,380631.96875,,,0,,,0,380631.96875,,,0,,,0,380631.96875,,,0,,,0
RDS,,,209228.40625,,,0,,,0,209228.40625,,,0,,,0,209228.40625,,,0,,,0,125000,,,0,,,0,209228.40625,,,0,,,0,209228.40625,,,0,,,0
REA,,,293.45001220703125,180,295,4022,,,0,300,320,300,602,,,0,355.8699951171875,,,0,,,0,285,372,285,3782,2431,245,2431,300,418,300,418,1000,200,1000,238.32000732421875,100,295,1667,,,0
RED,45000,,45001,,,0,4,45001,124,45000,,,0,100,45000,100,22540.4296875,,,0,,,0,45000,,,0,100,45000,100,22540.4296875,,,0,,,0,45000.01171875,,,0,100,45000,100
REP,,,587.1699829101562,150,590,1374,44,550,238,474.32000732421875,4,473.9599914550781,1172,40,354,131,340,,,0,,,0,493.7200012207031,4,489.989990234375,1246,20,400,942,500,47,500,136,,,0,507.5299987792969,272,540,708,20,420,113
RG,,,779.1900024414062,20,1400,30,,,0,810.010009765625,60,9999,60,40,810.010009765625,150,751.5700073242188,,,0,,,0,1195,,,0,120,700,769,751.5700073242188,,,0,,,0,800,,,0,60,800,60
RGO,,,1222.0400390625,13,1250,88,,,0,1200,,,0,10,1200,10,798.47998046875,,,0,,,0,1900,,,0,1,1900,1,798.47998046875,,,0,,,0,798.47998046875,,,0,,,0
RHP,,,4800,29,4800,29,8,3700,16,2700.739990234375,,,0,15,3250,15,2700.739990234375,,,0,,,0,3600,,,0,10,3400,10,2700.739990234375,,,0,,,0,2700.739990234375,,,0,,,0
ROM,,,3200,30,3200,30,80,1800,80,3000,7,3000,7,,,0,1931.5799560546875,,,0,,,0,4000,137,2100,137,50,2001,370,1931.5799560546875,,,0,,,0,2000,10,3000,25,40,1900,80
RSE,,,21500,30,21500,147,5,18500,88,27500,4,24900,4,10,20486,16,12026.7197265625,,,0,,,0,23564.419921875,10,27700,57,5,23000,90,12026.7197265625,,,0,,,0,24211.669921875,6,24899,67,4,23500,70
RSH,,,17292.380859375,,,0,,,0,17292.380859375,,,0,,,0,17292.380859375,,,0,,,0,17292.380859375,,,0,,,0,17292.380859375,,,0,,,0,17292.380859375,1,43000,1,,,0
RSI,,,1099,,,0,100,200,100,1200,12,1300,77,,,0,686.77001953125,,,0,,,0,1600,8,1000,8,200,500,200,686.77001953125,,,0,,,0,1000,7,1000,7,8,700,8
RTA,,,10400.7099609375,18,15000,18,6,9006,40,12926.6201171875,1,29999,2,1,12900,38,8308.73046875,,,0,,,0,23900,1,23900,2,6,10500,37,8308.73046875,,,0,,,0,14000,1,14000,1,4,11500,33
S,,,100,72,130,308,86,50,91,69.94999694824219,40,50,1005,1000,36,1150,85.83999633789062,,,0,,,0,40.90999984741211,61,42.59000015258789,594,192,22.010000228881836,225,85.83999633789062,,,0,,,0,50,404,89.98999786376953,489,,,0
SA,,,6500,,,0,,,0,5000,1,5000,1,,,0,3422.949951171875,,,0,,,0,5000,45,5000,126,,,0,3422.949951171875,,,0,,,0,3422.949951171875,,,0,,,0
SAL,,,6500,,,0,,,0,10000,4,10000,4,,,0,3422.949951171875,,,0,,,0,5000,7,5000,146,,,0,3422.949951171875,,,0,,,0,3422.949951171875,,,0,,,0
SAR,,,21688.2109375,13,22500,35,2,11500,12,24000,,,0,2,10000,2,9628.83984375,,,0,,,0,20000,,,0,2,16001,92,9628.83984375,,,0,,,0,16000,,,0,,,0
SC,,,1088.1400146484375,70,1080,323,3,900,3,1043.8199462890625,197,1039.989990234375,270,20,700,40,1500,,,0,,,0,964.719970703125,27,960,1126,10,902,45,1500,56,1500,65,,,0,1111.1099853515625,398,1111.1099853515625,700,20,500.010009765625,120
SCB,,,50000,,,0,3,50000,4,70000,,,0,,,0,54712.01171875,,,0,,,0,40000,1,57000,1,,,0,54712.01171875,,,0,,,0,2686,,,0,,,0
SCN,,,1279.1600341796875,11,1449,440,4,1000,77,1620.0699462890625,14,1650,161,6,1000,6,1500,,,0,,,0,1709.5799560546875,30,1750,323,60,1000,60,1150,17,2000,17,1,1150,1,1585.3900146484375,27,2000,441,20,1250,90
SCR,,,100,,,0,12,90,212,88.91000366210938,13,100,272,20,85,120,82.29000091552734,,,0,,,0,82,40,82.01000213623047,97,100,82,100,82.29000091552734,30,140,301,,,0,82,145,86.88999938964844,387,100,82,100
SDR,72000,,72001,100,80000,100,1,72001,111,72000,3,75000,3,100,72000,100,37259.4296875,,,0,,,0,72000,,,0,100,72000,100,37259.4296875,,,0,,,0,72000,,,0,100,72000,100
SEA,,,119.6500015258789,30,119,9277,100,70,970,80,164,80,2895,,,0,73.05000305175781,,,0,,,0,56.290000915527344,200,83.98999786376953,9026,815,56.290000915527344,985,150,165,150,327,,,0,89.55000305175781,20,88,9209,200,50,200
SEN,,,600,1110,750,1110,50,450,1050,450,100,750,100,20,425,20,285.3699951171875,,,0,,,0,750,83,750,103,16,651,261,285.3699951171875,,,0,,,0,600,15,600,15,10,450,210
SEQ,,,10000,3,10000,3,,,0,8079.85986328125,,,0,,,0,8079.85986328125,,,0,,,0,10000,,,0,,,0,8079.85986328125,,,0,,,0,8079.85986328125,,,0,,,0
SF,6,16,10.920000076293945,2100,10.75,176966,1000,10.0600004196167,39902,8.25,8333,8,263724,1094,7.309999942779541,187901,14.989999771118164,28038,15,28333,1900,14.989999771118164,1900,10.720000267028809,11099,10.170000076293945,152156,1000,9.300000190734863,62770,12,4197,16,8997,153,8,253,10.649999618530273,1813,10.75,309102,200,10.300000190734863,111861
SFE,,,55000,1,55000,11,,,0,55000,6,55000,23,,,0,25161.3203125,,,0,,,0,56000,1,56000,6,20,50000,20,25161.3203125,,,0,,,0,1,3,56000,3,,,0
SFK,,,72,500,71.5,1737,5,40,155,66.9800033569336,135,66.94999694824219,2956,172,40,1593,42.5,,,0,,,0,56.869998931884766,108,56,8256,53,45.0099983215332,3385,50,50,50,50,,,0,76.79000091552734,960,79.98999786376953,2005,20,50.5,643
SFL,,,85000,,,0,,,0,30850.880859375,2,60000,2,,,0,30850.880859375,,,0,,,0,45000,,,0,,,0,30850.880859375,,,0,,,0,30850.880859375,,,0,,,0
SI,,,403.6499938964844,3,450,1297,146,400,276,420,38,420,686,10,335,10,884.1400146484375,,,0,,,0,197,344,197,8962,25,160,122,884.1400146484375,40,500,60,,,0,400,350,419,1241,30,200,50
SIL,,,2000,8,1911.9100341796875,52,,,0,2400,9,2400,24,,,0,2300.8798828125,,,0,,,0,500,24,750,102,,,0,2300.8798828125,,,0,,,0,2995,1,1909.989990234375,48,,,0
SIO,38,,78.02999877929688,837,200,837,40,53,1405,79.06999969482422,33,81.95999908447266,773,20,55.099998474121094,3645,45,,,0,,,0,71.44999694824219,96,75,4591,12,60,2566,40,,,0,,,0,112.43000030517578,83,120,984,4,94,1274
SNM,,,50000,8,200000,8,5,120000,6,77019.203125,,,0,,,0,77019.203125,,,0,,,0,126500,17,126500,43,,,0,77019.203125,,,0,,,0,77019.203125,,,0,,,0
SOI,,,308.9100036621094,167,333.3299865722656,1864,50,260,150,380,240,380,240,,,0,299.3699951171875,,,0,,,0,400,,,0,600,350,600,299.3699951171875,10,320,10,100,250,200,360,34,353.5299987792969,284,500,210,580
SOL,,,1000,10,1200,10,,,0,980,17,1090,271,,,0,450.1700134277344,,,0,,,0,1000,169,1000,169,,,0,450.1700134277344,,,0,,,0,1350,20,1600,30,,,0
SP,,,1788.969970703125,46,1800,323,100,1500,100,1750,,,0,100,1500,100,1123.4200439453125,,,0,,,0,1750,,,0,10,2900,110,1123.4200439453125,,,0,,,0,3400,,,0,10,3500,122
SRD,53000,,53000,6,60000,6,10,53001,110,53000,,,0,100,53000,100,29394,,,0,,,0,64094.859375,,,0,29,53000.01171875,129,29394,,,0,,,0,53000,,,0,100,53000,100
SRP,,,8705.3203125,,,0,,,0,8705.3203125,,,0,,,0,8705.3203125,,,0,,,0,8705.3203125,,,0,,,0,8705.3203125,,,0,,,0,8705.3203125,,,0,,,0
SSC,,,350,328,350,458,62,240,1062,300,17,300,305,,,0,224,,,0,,,0,325,100,268,822,,,0,224,,,0,,,0,300,35,380,581,,,0
SSL,,,25000,1,40000,2,4,25000,4,40000,7,40000,8,,,0,18181.990234375,,,0,,,0,35000,6,40000,7,,,0,18181.990234375,,,0,,,0,30000,,,0,,,0
STL,,,1672.1500244140625,4,1500,16,20,1212,127,1086.0400390625,60,1500,169,1,1021,640,800,,,0,,,0,1529.550048828125,7,1999.989990234375,39,17,1200.010009765625,2096,900,,,0,,,0,1354.97998046875,12,1750,62,84,1100,556
STR,1000,,1698,40,1799,150,20,1001,120,1000,30,2250,104,20,2000,120,1491.9300537109375,,,0,,,0,1900,60,1800,170,100,1000,100,1491.9300537109375,,,0,,,0,1000,2,1999.989990234375,26,100,1000,100
STS,,,96213.09375,,,0,,,0,96213.09375,,,0,,,0,96213.09375,,,0,,,0,140000,1,140000,1,1,40000,1,96213.09375,,,0,,,0,96213.09375,,,0,,,0
SU,,,111117.921875,,,0,,,0,111117.921875,,,0,,,0,111117.921875,,,0,,,0,111117.921875,,,0,,,0,111117.921875,,,0,,,0,111117.921875,,,0,,,0
SUD,75000,,76000,9,76000,15,10,75001,110,75000,,,0,100,75000,100,37986.578125,,,0,,,0,75000,,,0,100,75000,100,37986.578125,,,0,,,0,75000,,,0,100,75000,100
SUN,,,200,,,0,80,200,100,400,40,475,140,39,400,429,307.9100036621094,,,0,,,0,377.6600036621094,240,400,240,272,320,402,300,310,300,310,,,0,339,10,339,81,30,30,30
SWF,,,110,150,120,844,200,80,200,80,471,90,471,577,57,577,81.31999969482422,,,0,,,0,105.7300033569336,3114,110,6309,10,57.560001373291016,160,110,,,0,100,110,100,119,352,120,648,83,80,83
TA,,,15995,3,15000,34,5,12000,10,17000,2,17000,7,5,13500,6,6474.83984375,,,0,,,0,12663.1103515625,3,19500,42,1,15000,3,6474.83984375,,,0,,,0,11000,13,15000,13,5,12000,11
TAC,,,92085.1328125,,,0,,,0,92085.1328125,,,0,,,0,92085.1328125,,,0,,,0,92085.1328125,,,0,,,0,92085.1328125,,,0,,,0,92085.1328125,,,0,,,0
TAI,,,450,16,450,294,20,400,152,550,114,550,579,20,300,150,121.01000213623047,,,0,,,0,500,90,500,516,58,250,58,121.01000213623047,,,0,,,0,150.02000427246094,10,375,324,168,150.02000427246094,188
TC,,,3861.31005859375,3,14000,4,7,7000,7,8000,3,7000,14,,,0,3861.31005859375,,,0,,,0,6000,,,0,16,3000,16,3861.31005859375,,,0,,,0,3861.31005859375,,,0,,,0
TCB,,,37500,,,0,,,0,9675.330078125,1,12000,1,,,0,9675.330078125,,,0,,,0,13000,12,11000,12,,,0,9675.330078125,,,0,,,0,9675.330078125,,,0,,,0
TCL,,,2200,9,2099.989990234375,308,500,1400,619,2100,14,2150,48,10,1500,110,1926.6600341796875,,,0,,,0,1700,100,2711,174,1,1700,1,1926.6600341796875,,,0,,,0,2194.989990234375,9,2194.989990234375,21,7,1500,7
TCO,,,1000,44,1500,44,50,1000,200,1500,,,0,,,0,700,,,0,,,0,940,61,940,907,51,600,51,600,17,600,135,,,0,1000,3,1000,3,,,0
TCS,,,10000,3,10000,3,,,0,7500,51,7500,51,2,4501,28,2199.889892578125,,,0,,,0,5000,46,5000,76,6,4000,76,2199.889892578125,,,0,,,0,4800,12,8000,12,,,0
TCU,,,90000,,,0,,,0,70671.4296875,,,0,,,0,70671.4296875,,,0,,,0,70671.4296875,,,0,,,0,70671.4296875,,,0,,,0,70671.4296875,,,0,1,70671.4296875,1
THF,,,365,1900,600,1900,200,320,1240,274,600,250,2128,5,180,595,526.77001953125,,,0,,,0,220,437,265,3260,100,160,310,280,100,260,100,,,0,300,30,300,211,10,250,10
THP,,,3263.3798828125,47,3350,47,28,3000,28,2391.639892578125,,,0,40,3300,40,2391.639892578125,,,0,,,0,3400,,,0,10,3500,30,2391.639892578125,,,0,,,0,3350,10,3350,62,,,0
TI,,,600,91,900,978,100,500,100,1200,8,1400,390,,,0,830.9000244140625,,,0,,,0,1249,40,1249,752,20,200,20,2250,,,0,,,0,1000,200,970,732,,,0
TIO,74,,90,3,100,2776,599,75,1199,120,2682,150,2682,200,100,399,74.80999755859375,,,0,,,0,103.33999633789062,100,110,10359,48,80,248,74.80999755859375,,,0,,,0,74,100,125,2609,100,74,100
TK,,,25000,,,0,8,18000,8,20480.099609375,,,0,,,0,20480.099609375,,,0,,,0,15000,,,0,,,0,20480.099609375,,,0,,,0,20480.099609375,,,0,,,0
TPU,,,1500,21,1500,21,,,0,1733.75,,,0,,,0,1184.77001953125,,,0,,,0,1800,,,0,3,1600,3,1184.77001953125,,,0,,,0,2800,1,2800,11,,,0
TRA,,,700,14,1000,30,,,0,1000,,,0,20,900,20,850.7100219726562,,,0,,,0,1225,1,1100,28,,,0,850.7100219726562,,,0,,,0,1874.31005859375,5,2000,5,,,0
TRN,,,276.489990234375,12,275,1575,40,252,1575,270.5199890136719,,,0,20,251,1371,189.47000122070312,,,0,,,0,250,10,285,72,14,250.00999450683594,1514,189.47000122070312,,,0,,,0,250,126,250,426,8,191,176
TRU,,,213.08999633789062,836,248,1437,10,200,1405,250,835,250,2334,3,222,824,225,,,0,,,0,277.20001220703125,262,279.8999938964844,763,4,241,835,350,60,350,88,1,62.5,1,257.8500061035156,270,300,798,2,200,154
TS,,,100,,,0,120,50,120,180,,,0,60,77,60,74.80999755859375,,,0,,,0,99.01000213623047,20,125,20,162,99.01000213623047,336,74.80999755859375,,,0,,,0,100,50,199.99000549316406,137,60,85,360
TSH,,,30000,16,28888.880859375,20,3,20222.01953125,13,28000,3,28000,6,,,0,16496.119140625,,,0,,,0,39648.69140625,,,0,1,22525.220703125,10,16496.119140625,,,0,,,0,28077.029296875,,,0,4,30001,10
TUB,,,225,25,225,25,150,100,150,170,,,0,,,0,167.9499969482422,,,0,,,0,150,50,150,1850,280,125,280,120,,,0,,,0,250,1000,250,1000,,,0
UTS,2200,,4500,58,4500,58,10,2400,168,2855.2099609375,,,0,1,2500,119,3426.780029296875,,,0,,,0,3818.06005859375,11,3650,118,10,2400,536,3426.780029296875,,,0,,,0,4000,14,7000,31,100,2200,100
VCB,,,400000,1,400000,1,,,0,327870.03125,,,0,,,0,327870.03125,,,0,,,0,327870.03125,,,0,,,0,327870.03125,,,0,,,0,327870.03125,,,0,,,0
VEG,88,,119.02999877929688,99,180,155,231,100,764,100,28,149,128,478,100,1368,100,51,100,51,,,0,120,10,144,2425,12,120.0999984741211,2497,100,,,0,,,0,100,450,120,1374,242,100,1961
VG,,,5554.4501953125,136,4500,136,50,2500.010009765625,68,3500,,,0,10,2500,220,2500,,,0,,,0,5000,10,6000,10,50,4500.009765625,451,2500,,,0,,,0,8866.8798828125,,,0,20,3660.010009765625,231
VIT,,,595.9500122070312,181,511.1499938964844,279,100,50,100,650,200,650,200,,,0,337.3299865722656,,,0,,,0,500,,,0,20,400,80,337.3299865722656,,,0,,,0,300,14,650,14,40,200,40
VSC,,,40000,1,40000,1,,,0,16575.669921875,1,20000,1,,,0,16575.669921875,,,0,,,0,44000,,,0,,,0,16575.669921875,,,0,,,0,16575.669921875,,,0,,,0
W,,,13000,53,15000,53,85,13000,96,14000,,,0,5,14000,5,6255.1201171875,,,0,,,0,14500,14,18000,71,5,14000,45,6255.1201171875,,,0,,,0,15000,12,14750,17,,,0
WAI,,,100000,,,0,10,40000,10,90000,,,0,,,0,52242.44921875,,,0,,,0,82000,1,81000,70,1,40000,1,52242.44921875,,,0,,,0,100000,11,100000,11,,,0
WAL,,,5200,20,5000,20,,,0,4000,30,4000,40,,,0,2803.2900390625,,,0,,,0,6000,3,6000,13,,,0,2803.2900390625,,,0,,,0,6000,1,6000,1,,,0
WCB,,,300000,2,400000,2,,,0,329430.03125,1,250000,1,,,0,329430.03125,,,0,,,0,425000,1,300000,17,,,0,329430.03125,,,0,,,0,325000,4,325000,4,,,0
WIN,,,4375,20,4300,120,4,3800,14,4000,18,3500,58,5,2222,5,2950.47998046875,,,0,,,0,4150,23,4150,52,6,3200,110,2950.47998046875,100,5000,100,,,0,4700,10,4650,53,4,3200,132
WM,,,6845.89990234375,,,0,,,0,5000,,,0,,,0,6845.89990234375,,,0,,,0,12000,16,10000,43,,,0,6845.89990234375,,,0,,,0,6845.89990234375,,,0,,,0
WOR,,,85079.6328125,,,0,,,0,85079.6328125,,,0,,,0,85079.6328125,,,0,,,0,85079.6328125,,,0,10,85000,10,85079.6328125,,,0,,,0,85079.6328125,2,212000,2,,,0
WR,50000,,78600.953125,,,0,100,50000,100,50001,,,0,1,50000.01171875,101,78600.953125,,,0,,,0,50000,,,0,100,50000,100,78600.953125,,,0,,,0,78600.953125,,,0,100,50000,100
WS,,,4399.9501953125,30,4200,111,1,3100,16,5000,28,5000,28,15,2000,15,2609.800048828125,,,0,,,0,4950,11,4950,23,9,2001,24,2609.800048828125,,,0,,,0,2001,17,5750,22,6,2001,41
ZIR,,,1000,,,0,50,400,50,1000,7,1000,337,,,0,117.55000305175781,,,0,,,0,800,412,550,2518,50,440,250,117.55000305175781,,,0,,,0,1000,52,1000,52,20,550,20
ZR,,,12995,1,13000,4,18,11000,31,11700,3,12000,3,79,11700,79,5988.47998046875,,,0,,,0,12500,96,11000,103,40,6000,40,5988.47998046875,,,0,,,0,12000,,,0,,,0
